{"version": "3.3.8", "architecture": "pynini", "train_date": "2026-01-22 17:20:11.729633", "phones": ["a\u02d0", "b", "d", "dz", "d\u0292", "d\u0325\u02d0", "e", "e\u02d0", "f", "h", "i", "i\u0259", "i\u02d0", "j", "k", "l", "m", "m\u02d0", "n", "o", "o\u02d0", "p", "s", "t", "ts", "t\u0283", "u", "u\u0259", "u\u02d0", "v", "w", "y", "y\u02d0", "z", "\u00e6", "\u00e6\u02d0", "\u00e6\u02d0\u026a", "\u00e6\u02d0\u028a", "\u00f0", "\u00f8", "\u00f8\u02d0", "\u014b", "\u0153", "\u0153\u02d0", "\u0250", "\u0251", "\u0251\u026a", "\u0251\u028a", "\u0251\u02d0", "\u0251\u0303\u02d0", "\u0254", "\u0254\u026a", "\u0254\u02d0", "\u0254\u0303\u02d0", "\u0255", "\u0259", "\u0259n", "\u0259\u028a", "\u025b", "\u025b\u02d0", "\u025b\u0303\u02d0", "\u025c\u026a", "\u0261", "\u0265", "\u0272", "\u0279", "\u0280", "\u0281", "\u0283", "\u028a", "\u0291", "\u0292", "\u03b8", "\u03c7"], "graphemes": ["d", "3", "p", "\u00f4", "y", "s", "q", "\u00e2", "\u00e7", "u", "2", "c", "\u00e8", "j", "\u00f6", "\u00eb", "n", "i", "g", "k", "w", "f", "\u00ea", "e", "\u00ee", "a", "b", "9", "\u00fb", "-", "\u00fc", "1", "\u00e9", "r", "m", "\u00ef", "z", "'", "t", "l", "h", "\u00e4", "v", "x", "&", "\u00e0", ".", "o", "\u0261"], "unicode_decomposition": false, "evaluation": {}, "training": {"num_words": 54959, "num_graphemes": 49, "num_phones": 74}}