{"phones": ["a", "aː", "b", "d", "dz", "dʒ", "d̥", "d̥ː", "e", "eː", "f", "h", "i", "iə", "iː", "j", "k", "l", "m", "mː", "n", "o", "oɪ", "oː", "p", "s", "t", "ts", "tʃ", "u", "uə", "uː", "v", "w", "y", "yː", "z", "æ", "æl", "æː", "æːɪ", "æːʊ", "ð", "ø", "øː", "ŋ", "œ", "œː", "ɐ", "ɑ", "ɑɪ", "ɑʊ", "ɑː", "ɑ̃", "ɑ̃ː", "ɔ", "ɔɪ", "ɔː", "ɔ̃ː", "ɕ", "ə", "ən", "əʊ", "ɛ", "ɛː", "ɛ̃ː", "ɜɪ", "ɡ", "ɥ", "ɲ", "ɹ", "ʀ", "ʁ", "ʃ", "ʊ", "ʑ", "ʒ", "θ", "χ"], "phone_mapping": {"<eps>": 0, "sil": 1, "spn": 2, "a": 3, "aː": 4, "b": 5, "d": 6, "dz": 7, "dʒ": 8, "d̥": 9, "d̥ː": 10, "e": 11, "eː": 12, "f": 13, "h": 14, "i": 15, "iə": 16, "iː": 17, "j": 18, "k": 19, "l": 20, "m": 21, "mː": 22, "n": 23, "o": 24, "oɪ": 25, "oː": 26, "p": 27, "s": 28, "t": 29, "ts": 30, "tʃ": 31, "u": 32, "uə": 33, "uː": 34, "v": 35, "w": 36, "y": 37, "yː": 38, "z": 39, "æ": 40, "æl": 41, "æː": 42, "æːɪ": 43, "æːʊ": 44, "ð": 45, "ø": 46, "øː": 47, "ŋ": 48, "œ": 49, "œː": 50, "ɐ": 51, "ɑ": 52, "ɑɪ": 53, "ɑʊ": 54, "ɑː": 55, "ɑ̃": 56, "ɑ̃ː": 57, "ɔ": 58, "ɔɪ": 59, "ɔː": 60, "ɔ̃ː": 61, "ɕ": 62, "ə": 63, "ən": 64, "əʊ": 65, "ɛ": 66, "ɛː": 67, "ɛ̃ː": 68, "ɜɪ": 69, "ɡ": 70, "ɥ": 71, "ɲ": 72, "ɹ": 73, "ʀ": 74, "ʁ": 75, "ʃ": 76, "ʊ": 77, "ʑ": 78, "ʒ": 79, "θ": 80, "χ": 81}, "phone_groups": {"a": ["a"], "aː": ["aː"], "b": ["b"], "d": ["d"], "dz": ["dz"], "dʒ": ["dʒ"], "d̥": ["d̥"], "d̥ː": ["d̥ː"], "e": ["e"], "eː": ["eː"], "f": ["f"], "h": ["h"], "i": ["i"], "iə": ["iə"], "iː": ["iː"], "j": ["j"], "k": ["k"], "l": ["l"], "m": ["m"], "mː": ["mː"], "n": ["n"], "o": ["o"], "oɪ": ["oɪ"], "oː": ["oː"], "p": ["p"], "s": ["s"], "t": ["t"], "ts": ["ts"], "tʃ": ["tʃ"], "u": ["u"], "uə": ["uə"], "uː": ["uː"], "v": ["v"], "w": ["w"], "y": ["y"], "yː": ["yː"], "z": ["z"], "æ": ["æ"], "æl": ["æl"], "æː": ["æː"], "æːɪ": ["æːɪ"], "æːʊ": ["æːʊ"], "ð": ["ð"], "ø": ["ø"], "øː": ["øː"], "ŋ": ["ŋ"], "œ": ["œ"], "œː": ["œː"], "ɐ": ["ɐ"], "ɑ": ["ɑ"], "ɑɪ": ["ɑɪ"], "ɑʊ": ["ɑʊ"], "ɑː": ["ɑː"], "ɑ̃": ["ɑ̃"], "ɑ̃ː": ["ɑ̃ː"], "ɔ": ["ɔ"], "ɔɪ": ["ɔɪ"], "ɔː": ["ɔː"], "ɔ̃ː": ["ɔ̃ː"], "ɕ": ["ɕ"], "ə": ["ə"], "ən": ["ən"], "əʊ": ["əʊ"], "ɛ": ["ɛ"], "ɛː": ["ɛː"], "ɛ̃ː": ["ɛ̃ː"], "ɜɪ": ["ɜɪ"], "ɡ": ["ɡ"], "ɥ": ["ɥ"], "ɲ": ["ɲ"], "ɹ": ["ɹ"], "ʀ": ["ʀ"], "ʁ": ["ʁ"], "ʃ": ["ʃ"], "ʊ": ["ʊ"], "ʑ": ["ʑ"], "ʒ": ["ʒ"], "θ": ["θ"], "χ": ["χ"]}, "version": "3.3.8", "architecture": "gmm-hmm", "train_date": "2026-02-03 14:41:04.603711", "training": {"audio_duration": 243092.267075, "num_speakers": 7, "num_utterances": 88183, "num_oovs": 0, "average_log_likelihood": -51.99296247070045}, "dictionaries": {"names": ["dictionary_original"], "default": "dictionary_original", "silence_word": "<eps>", "use_g2p": false, "oov_word": "<unk>", "bracketed_word": "[bracketed]", "laughter_word": "[laughter]", "clitic_marker": "'", "position_dependent_phones": false}, "language": "unknown", "features": {"type": "mfcc", "use_energy": false, "frame_shift": 10, "frame_length": 25, "snip_edges": false, "low_frequency": 20, "high_frequency": 7800, "sample_frequency": 16000, "dither": 0.0, "energy_floor": 0.0, "num_coefficients": 13, "num_mel_bins": 23, "cepstral_lifter": 22, "preemphasis_coefficient": 0.97, "uses_cmvn": true, "uses_deltas": true, "uses_voiced": false, "uses_splices": false, "uses_speaker_adaptation": true, "use_pitch": false, "use_voicing": false, "min_f0": 50, "max_f0": 800, "delta_pitch": 0.005, "penalty_factor": 0.1, "silence_weight": 0.0, "splice_left_context": 3, "splice_right_context": 3}, "oov_phone": "spn", "optional_silence_phone": "sil", "phone_set_type": "UNKNOWN", "silence_probability": 0.23, "initial_silence_probability": 0.23, "final_silence_correction": 0.99, "final_non_silence_correction": 0.49, "duration_information": {"a": [0.010000013903285681, 2.5345803274020955e-07], "aː": [0.10287286141429264, 0.045705016638049385], "b": [0.06336411235602657, 0.023329788172646873], "d": [0.05010207093457145, 0.01962730073948636], "dʒ": [0.10071593081668949, 0.034503177078712595], "d̥": [0.03632244627158194, 0.046242782493296955], "d̥ː": [0.057893615470307226, 0.04552236255423379], "e": [0.05905061626380391, 0.023633078455955248], "eː": [0.09013422548257576, 0.048425581034149866], "f": [0.08831352458882313, 0.03355152564336599], "h": [0.03980252155191095, 0.031061197280982684], "i": [0.05873479267461552, 0.02522146194972593], "iə": [0.10855065228055612, 0.03638604341815742], "iː": [0.07367143067180795, 0.05139940103814345], "j": [0.061586047814783454, 0.029392386675643565], "k": [0.08645325692876628, 0.03231271308624687], "l": [0.06258624783383143, 0.029784376561939118], "m": [0.06771839445211775, 0.028004961632543828], "n": [0.06652009123609473, 0.03932256864283696], "o": [0.06395221179849424, 0.02687888797433161], "oɪ": [0.15378422082226345, 0.0449409604894067], "oː": [0.09537560331353888, 0.052037792613607546], "p": [0.08094760105349622, 0.03241887668103063], "s": [0.09493549066038956, 0.04493762044099818], "t": [0.07498715973129833, 0.03908863393522152], "ts": [0.10432982686800635, 0.0407999877099695], "tʃ": [0.1090909784490412, 0.057350515645469974], "u": [0.05814644978135497, 0.027035635915660935], "uə": [0.09417541464555244, 0.03786830318522169], "uː": [0.08159335223387397, 0.0460076729326003], "v": [0.06503636826596416, 0.024026391899928994], "w": [0.057758077313969765, 0.01861333443677951], "y": [0.05974494040995844, 0.028358812304912006], "yː": [0.08675341002634844, 0.04202824330941109], "z": [0.07527071066094695, 0.029809327602668256], "æ": [0.07335143906339427, 0.025722938780938013], "æː": [0.11666662991046906, 0.06892010614368396], "æːɪ": [0.12362059687113311, 0.04902587979355517], "æːʊ": [0.13152765008774492, 0.047047641765168194], "ø": [0.11900765090498305, 0.06189141122294815], "øː": [0.10884462313288712, 0.056191289216118], "ŋ": [0.07503215098871605, 0.034669324386685914], "œ": [0.07374999742023647, 0.05705364198175492], "œː": [0.10191318489778847, 0.050650205813420404], "ɐ": [0.07337819177238422, 0.05463882235965632], "ɑ": [0.07299290729241192, 0.028861068119102253], "ɑɪ": [0.11765637662259412, 0.045338637925878035], "ɑʊ": [0.12528889575191515, 0.04902686656902335], "ɑ̃ː": [0.1048738556073301, 0.04247644578851378], "ɔ": [0.08178514094324156, 0.040337466861411694], "ɔɪ": [0.12066202107103029, 0.04045401341257417], "ɔː": [0.09809727335406625, 0.06910424046057613], "ɔ̃ː": [0.09812325404868479, 0.046758397103944506], "ɕ": [0.09096278170008229, 0.045493412135831746], "ə": [0.055645092295685226, 0.030572855667845972], "əʊ": [0.09770261680682354, 0.04279697851530866], "ɛ": [0.07647051321689564, 0.04054712612691383], "ɛː": [0.07978606814487353, 0.04044001499515917], "ɛ̃ː": [0.1101963780564746, 0.04678300171102893], "ɜɪ": [0.11067865844452658, 0.04217515659120811], "ɡ": [0.060447380679062995, 0.022600490989771148], "ɥ": [0.05415001414716244, 0.02510837765942192], "ɲ": [0.11525042865374317, 0.04768852437195758], "ʀ": [0.05267564297659842, 0.03759536348399582], "ʁ": [0.05686066010041659, 0.02045001194235876], "ʃ": [0.09428622653430392, 0.033241597619207676], "ʑ": [0.07288739754345022, 0.029104407352014288], "ʒ": [0.08161261371925675, 0.02577580873394686], "χ": [0.07287013052969496, 0.036231766398583685]}}